{"cameraMode":{"drawMode":0,"name":"Shaded","section":"Shading Mode"},"sceneLighting":true,"audioPlay":false,"sceneViewState":{"showFog":true,"showMaterialUpdate":false,"showSkybox":true,"showFlares":true,"showImageEffects":true,"showParticleSystems":true},"in2DMode":false,"pivot":{"x":-3.2159461975097658,"y":4.227878570556641,"z":-54.438358306884769},"rotation":{"x":0.234450101852417,"y":-0.1532333642244339,"z":0.03745061531662941,"w":0.959252655506134},"size":2.8578836917877199,"orthographic":false}