{"cameraMode":{"drawMode":0,"name":"Shaded","section":"Shading Mode"},"sceneLighting":true,"audioPlay":false,"sceneViewState":{"showFog":true,"showMaterialUpdate":false,"showSkybox":true,"showFlares":true,"showImageEffects":true,"showParticleSystems":true},"in2DMode":false,"pivot":{"x":-252.04666137695313,"y":-114.49143981933594,"z":520.9388427734375},"rotation":{"x":-0.1022360697388649,"y":0.23116420209407807,"z":-0.024433821439743043,"w":-0.9672225117683411},"size":631.18408203125,"orthographic":false}