{"cameraMode":{"drawMode":0,"name":"Shaded","section":"Shading Mode"},"sceneLighting":true,"audioPlay":false,"sceneViewState":{"showFog":true,"showMaterialUpdate":false,"showSkybox":true,"showFlares":true,"showImageEffects":true,"showParticleSystems":true},"in2DMode":false,"pivot":{"x":23.55617332458496,"y":106.88697814941406,"z":7.478288173675537},"rotation":{"x":0.42522913217544558,"y":-0.5728904008865356,"z":0.46397510170936587,"w":0.5251169800758362},"size":0.45788419246673586,"orthographic":false}