{"cameraMode":{"drawMode":0,"name":"Shaded","section":"Shading Mode"},"sceneLighting":true,"audioPlay":false,"sceneViewState":{"showFog":true,"showMaterialUpdate":false,"showSkybox":true,"showFlares":true,"showImageEffects":true,"showParticleSystems":true},"in2DMode":false,"pivot":{"x":-56.618289947509769,"y":41.90998458862305,"z":-9.615870475769043},"rotation":{"x":0.25886350870132449,"y":0.4446624517440796,"z":-0.13593092560768128,"w":0.8466614484786987},"size":0.45788419246673586,"orthographic":false}